Metric,Min-Max Scaling,Standardization
Accuracy,0.7764371894960965,0.7764371894960965
Precision (1),0.5948905109489051,0.5935251798561151
Recall (1),0.444141689373297,0.44959128065395093
F1-score (1),0.5085803432137286,0.5116279069767442
